date,port,current_state,predicted_state,p_s3,hawkes_lambda,hawkes_alert,confidence,tier0_action,tier1_action,tier2_action,tier3_action,tier0_cost
2025-11-06,Nhava Sheva,S4,S3,0.5865,0.327,1,0.5355,Strong,Escrow,Stale,Stale,282.8792
2025-11-06,Busan,S3,S4,0.3968,0.2249,1,0.6097,Strong,Escrow,CRDT,CRDT,763.4659
2025-11-06,Hamburg,S1,S3,0.4311,0.3112,1,0.3328,Strong,Escrow,Stale,Stale,232.5081
2025-11-07,Hamburg,S3,S3,0.651,0.3612,1,0.5857,Strong,Escrow,CRDT,CRDT,763.4659
2025-11-07,Nhava Sheva,S0,S3,0.5789,0.3571,1,0.4877,Strong,Escrow,Stale,Stale,123.1027
2025-11-07,Rotterdam,S3,S3,0.6502,0.3191,1,0.6362,Strong,Escrow,CRDT,CRDT,763.4659
2025-11-07,Shanghai,S0,S0,0.362,0.2758,1,0.3922,Strong,Escrow,Stale,Stale,123.1027
2025-11-08,Rotterdam,S4,S3,0.7032,0.31,1,0.723,Strong,Escrow,Stale,Stale,282.8792
2025-11-08,Hamburg,S3,S4,0.3648,0.3062,1,0.7558,Strong,Escrow,CRDT,CRDT,763.4659
2025-11-08,Nhava Sheva,S3,S3,0.6799,0.3299,1,0.6653,Strong,Escrow,CRDT,CRDT,763.4659
2025-11-09,Rotterdam,S3,S3,0.6978,0.3019,1,0.7251,Strong,Escrow,CRDT,CRDT,763.4659
2025-11-09,Hamburg,S4,S3,0.4805,0.2859,1,0.4343,Strong,Escrow,Stale,Stale,282.8792
2025-11-09,Nhava Sheva,S3,S3,0.5785,0.3091,1,0.5459,Strong,Escrow,CRDT,CRDT,763.4659
2025-11-10,Hamburg,S3,S3,0.6532,0.3272,1,0.6305,Strong,Escrow,CRDT,CRDT,763.4659
2025-11-10,Nhava Sheva,S4,S3,0.5498,0.3324,1,0.4764,Strong,Escrow,Stale,Stale,282.8792
2025-11-10,Rotterdam,S3,S3,0.712,0.2978,1,0.7504,Strong,Escrow,CRDT,CRDT,763.4659
2025-11-10,Shanghai,S0,S0,0.4139,0.2923,1,0.3369,Strong,Escrow,Stale,Stale,123.1027
2025-11-11,Rotterdam,S3,S3,0.7023,0.2971,1,0.7375,Strong,Escrow,CRDT,CRDT,763.4659
2025-11-11,Nhava Sheva,S0,S3,0.5646,0.315,1,0.5188,Strong,Escrow,Stale,Stale,123.1027
2025-11-11,Hamburg,S4,S0,0.3522,0.2855,1,0.3577,Strong,Escrow,Stale,Stale,282.8792
2025-11-12,Hamburg,S3,S3,0.5789,0.2811,1,0.5808,Strong,Escrow,CRDT,CRDT,763.4659
2025-11-12,Nhava Sheva,S2,S3,0.6697,0.3069,1,0.6789,Strong,Escrow,Stale,Stale,421.3218
2025-11-12,Rotterdam,S3,S4,0.4346,0.2949,1,0.6422,Strong,Escrow,CRDT,CRDT,763.4659
2025-11-13,Rotterdam,S4,S3,0.5931,0.2953,1,0.5837,Strong,Escrow,Stale,Stale,282.8792
2025-11-13,Nhava Sheva,S1,S3,0.5583,0.2995,1,0.5288,Strong,Escrow,Stale,Stale,232.5081
2025-11-13,Hamburg,S3,S3,0.5242,0.2575,1,0.5314,Strong,Escrow,CRDT,CRDT,763.4659
2025-11-14,Rotterdam,S3,S3,0.556,0.2621,1,0.5713,Strong,Escrow,CRDT,CRDT,763.4659
2025-11-14,Nhava Sheva,S0,S0,0.3484,0.2747,1,0.388,Strong,Escrow,Stale,Stale,123.1027
2025-11-15,Hamburg,S2,S3,0.4946,0.2805,1,0.461,Strong,Escrow,Stale,Stale,421.3218
2025-11-15,Nhava Sheva,S2,S3,0.6267,0.2887,1,0.6397,Strong,Escrow,Stale,Stale,421.3218
2025-11-15,Rotterdam,S4,S3,0.4807,0.2419,1,0.4885,Strong,Escrow,Stale,Stale,282.8792
2025-11-16,Rotterdam,S2,S3,0.5592,0.2296,1,0.6157,Strong,Escrow,Stale,Stale,421.3218
2025-11-16,Nhava Sheva,S1,S3,0.4608,0.2681,1,0.4278,Strong,Escrow,Stale,Stale,232.5081
2025-11-16,Hamburg,S3,S3,0.5255,0.2572,1,0.5337,Strong,Escrow,CRDT,CRDT,763.4659
2025-11-17,Antwerp,S3,S4,0.3933,0.1745,1,0.5536,Strong,Escrow,CRDT,CRDT,763.4659
2025-11-17,Nhava Sheva,S0,S3,0.4577,0.3016,1,0.3825,Strong,Escrow,Stale,Stale,123.1027
2025-11-17,Rotterdam,S3,S3,0.7325,0.2835,1,0.7973,Strong,Escrow,CRDT,CRDT,763.4659
2025-11-18,Rotterdam,S3,S4,0.3462,0.2549,1,0.7195,Strong,Escrow,CRDT,CRDT,763.4659
2025-11-18,Hamburg,S0,S0,0.4091,0.3024,1,0.3134,Strong,Escrow,Stale,Stale,123.1027
2025-11-18,Nhava Sheva,S3,S3,0.6038,0.305,1,0.587,Strong,Escrow,CRDT,CRDT,763.4659
2025-11-19,Rotterdam,S3,S3,0.6795,0.2685,1,0.74,Strong,Escrow,CRDT,CRDT,763.4659
2025-11-19,Nhava Sheva,S4,S3,0.5544,0.294,1,0.53,Strong,Escrow,Stale,Stale,282.8792
2025-11-20,Hamburg,S3,S3,0.4737,0.2591,1,0.4575,Strong,Escrow,CRDT,CRDT,763.4659
2025-11-20,Nhava Sheva,S3,S3,0.605,0.2714,1,0.6299,Strong,Escrow,CRDT,CRDT,763.4659
2025-11-20,Rotterdam,S3,S3,0.6363,0.2458,1,0.706,Strong,Escrow,CRDT,CRDT,763.4659
2025-11-21,Rotterdam,S4,S3,0.6257,0.2965,1,0.6288,Strong,Escrow,Stale,Stale,282.8792
2025-11-21,Nhava Sheva,S4,S3,0.5337,0.2939,1,0.5005,Strong,Escrow,Stale,Stale,282.8792
2025-11-22,Nhava Sheva,S3,S3,0.7385,0.2713,1,0.8207,Strong,Escrow,CRDT,CRDT,763.4659
2025-11-22,Rotterdam,S3,S3,0.6417,0.2628,1,0.6929,Strong,Escrow,CRDT,CRDT,763.4659
2025-11-23,Shanghai,S0,S0,0.3151,0.3005,1,0.4577,Strong,Escrow,Stale,Stale,123.1027
2025-11-23,Rotterdam,S3,S4,0.4287,0.2733,1,0.6242,Strong,Escrow,CRDT,CRDT,763.4659
2025-11-23,Nhava Sheva,S4,S0,0.3552,0.3026,1,0.3925,Strong,Escrow,Stale,Stale,282.8792
2025-11-23,Hamburg,S3,S3,0.5428,0.2936,1,0.5139,Strong,Escrow,CRDT,CRDT,763.4659
2025-11-24,Shanghai,S2,S0,0.3175,0.2249,1,0.2927,Strong,Escrow,Stale,Stale,421.3218
2025-11-24,Rotterdam,S3,S3,0.7091,0.2822,1,0.7654,Strong,Escrow,CRDT,CRDT,763.4659
2025-11-24,Nhava Sheva,S0,S3,0.4917,0.2969,1,0.4368,Strong,Escrow,Stale,Stale,123.1027
2025-11-24,Hamburg,S3,S3,0.4688,0.2651,1,0.443,Strong,Escrow,CRDT,CRDT,763.4659
2025-11-25,Hamburg,S3,S3,0.45,0.2479,1,0.4373,Strong,Escrow,CRDT,CRDT,763.4659
2025-11-25,Nhava Sheva,S1,S3,0.4939,0.2731,1,0.4691,Strong,Escrow,Stale,Stale,232.5081
2025-11-25,Rotterdam,S4,S3,0.6286,0.2541,1,0.6848,Strong,Escrow,Stale,Stale,282.8792
2025-11-26,Rotterdam,S0,S3,0.4825,0.2688,1,0.4581,Strong,Escrow,Stale,Stale,123.1027
2025-11-26,Nhava Sheva,S3,S3,0.6559,0.2815,1,0.6902,Strong,Escrow,CRDT,CRDT,763.4659
2025-11-27,Busan,S3,S4,0.3176,0.187,1,0.6768,Strong,Escrow,CRDT,CRDT,763.4659
2025-11-27,Hamburg,S2,S3,0.3741,0.2568,1,0.3179,Strong,Escrow,Stale,Stale,421.3218
2025-11-27,Nhava Sheva,S4,S0,0.3555,0.2797,1,0.39,Strong,Escrow,Stale,Stale,282.8792
2025-11-27,Rotterdam,S3,S3,0.5725,0.277,1,0.5766,Strong,Escrow,CRDT,CRDT,763.4659
2025-11-28,Shanghai,S2,S0,0.3113,0.2646,1,0.3113,Strong,Escrow,Stale,Stale,421.3218
2025-11-28,Rotterdam,S3,S3,0.6384,0.2928,1,0.6514,Strong,Escrow,CRDT,CRDT,763.4659
2025-11-28,Hamburg,S0,S0,0.3261,0.3282,1,0.4357,Strong,Escrow,Stale,Stale,123.1027
2025-11-28,Nhava Sheva,S3,S3,0.6461,0.3284,1,0.6188,Strong,Escrow,CRDT,CRDT,763.4659
2025-11-29,Shanghai,S0,S3,0.4148,0.2677,1,0.3628,Strong,Escrow,Stale,Stale,123.1027
2025-11-29,Rotterdam,S3,S3,0.6992,0.2915,1,0.7399,Strong,Escrow,CRDT,CRDT,763.4659
2025-11-29,Hamburg,S0,S3,0.4327,0.2993,1,0.3497,Strong,Escrow,Stale,Stale,123.1027
2025-11-29,Nhava Sheva,S4,S3,0.5757,0.3082,1,0.5429,Strong,Escrow,Stale,Stale,282.8792
2025-11-30,Hamburg,S3,S3,0.5279,0.2686,1,0.5232,Strong,Escrow,CRDT,CRDT,763.4659
2025-11-30,Nhava Sheva,S0,S0,0.3773,0.28,1,0.334,Strong,Escrow,Stale,Stale,123.1027
2025-11-30,Rotterdam,S3,S3,0.5822,0.2597,1,0.6117,Strong,Escrow,CRDT,CRDT,763.4659
2025-12-01,Rotterdam,S3,S3,0.6058,0.274,1,0.6279,Strong,Escrow,CRDT,CRDT,763.4659
2025-12-01,Nhava Sheva,S2,S3,0.5912,0.2832,1,0.5958,Strong,Escrow,Stale,Stale,421.3218
2025-12-01,Hamburg,S4,S0,0.3542,0.25,1,0.3072,Strong,Escrow,Stale,Stale,282.8792
2025-12-02,Hamburg,S3,S3,0.5147,0.2387,1,0.541,Strong,Escrow,CRDT,CRDT,763.4659
2025-12-02,Nhava Sheva,S0,S3,0.4751,0.2648,1,0.4525,Strong,Escrow,Stale,Stale,123.1027
2025-12-02,Rotterdam,S3,S3,0.6868,0.2491,1,0.7741,Strong,Escrow,CRDT,CRDT,763.4659
2025-12-03,Rotterdam,S3,S3,0.7081,0.2953,1,0.7479,Strong,Escrow,CRDT,CRDT,763.4659
2025-12-03,Nhava Sheva,S2,S3,0.6141,0.2996,1,0.6084,Strong,Escrow,Stale,Stale,421.3218
2025-12-03,Hamburg,S3,S3,0.5551,0.2681,1,0.5627,Strong,Escrow,CRDT,CRDT,763.4659
2025-12-04,Rotterdam,S3,S3,0.7068,0.262,1,0.7869,Strong,Escrow,CRDT,CRDT,763.4659
2025-12-04,Nhava Sheva,S3,S3,0.74,0.2747,1,0.8187,Strong,Escrow,CRDT,CRDT,763.4659
2025-12-04,Hamburg,S4,S0,0.3246,0.2497,1,0.3687,Strong,Escrow,Stale,Stale,282.8792
2025-12-05,Hamburg,S3,S3,0.5965,0.2516,1,0.6421,Strong,Escrow,CRDT,CRDT,763.4659
2025-12-05,Nhava Sheva,S3,S4,0.3265,0.2756,1,0.7732,Strong,Escrow,CRDT,CRDT,763.4659
2025-12-05,Rotterdam,S3,S3,0.6896,0.2728,1,0.749,Strong,Escrow,CRDT,CRDT,763.4659
2025-12-06,Rotterdam,S3,S3,0.7229,0.282,1,0.7854,Strong,Escrow,CRDT,CRDT,763.4659
2025-12-06,Nhava Sheva,S4,S3,0.4448,0.2805,1,0.3899,Strong,Escrow,Stale,Stale,282.8792
2025-12-06,Hamburg,S4,S0,0.3128,0.2397,1,0.3677,Strong,Escrow,Stale,Stale,282.8792
2025-12-07,Nhava Sheva,S0,S0,0.3301,0.2632,1,0.4005,Strong,Escrow,Stale,Stale,123.1027
2025-12-07,Rotterdam,S3,S3,0.7096,0.2539,1,0.8007,Strong,Escrow,CRDT,CRDT,763.4659
2025-12-08,Rotterdam,S3,S3,0.601,0.2369,1,0.6663,Strong,Escrow,CRDT,CRDT,763.4659
2025-12-08,Nhava Sheva,S0,S0,0.3526,0.2527,1,0.3748,Strong,Escrow,Stale,Stale,123.1027
2025-12-09,Nhava Sheva,S3,S3,0.6538,0.2463,1,0.7304,Strong,Escrow,CRDT,CRDT,763.4659
2025-12-09,Rotterdam,S3,S3,0.672,0.2266,1,0.7805,Strong,Escrow,CRDT,CRDT,763.4659
2025-12-10,Rotterdam,S3,S3,0.6155,0.2514,1,0.6694,Strong,Escrow,CRDT,CRDT,763.4659
2025-12-10,Nhava Sheva,S4,S0,0.3987,0.2584,1,0.3563,Strong,Escrow,Stale,Stale,282.8792
2025-12-11,Nhava Sheva,S1,S3,0.4998,0.2701,1,0.4813,Strong,Escrow,Stale,Stale,232.5081
2025-12-11,Rotterdam,S4,S3,0.6327,0.2689,1,0.6725,Strong,Escrow,Stale,Stale,282.8792
2025-12-12,Rotterdam,S2,S3,0.6544,0.288,1,0.6802,Strong,Escrow,Stale,Stale,421.3218
2025-12-12,Nhava Sheva,S1,S3,0.5172,0.2935,1,0.4774,Strong,Escrow,Stale,Stale,232.5081
2025-12-13,Rotterdam,S3,S4,0.3559,0.2853,1,0.7429,Strong,Escrow,CRDT,CRDT,763.4659
2025-12-13,Nhava Sheva,S2,S3,0.6893,0.2967,1,0.7194,Strong,Escrow,Stale,Stale,421.3218
2025-12-14,Busan,S3,S4,0.3431,0.1784,1,0.6293,Strong,Escrow,CRDT,CRDT,763.4659
2025-12-14,Nhava Sheva,S0,S3,0.424,0.302,1,0.3338,Strong,Escrow,Stale,Stale,123.1027
2025-12-14,Rotterdam,S3,S3,0.6249,0.256,1,0.6773,Strong,Escrow,CRDT,CRDT,763.4659
2025-12-15,Rotterdam,S4,S3,0.6893,0.2801,1,0.7396,Strong,Escrow,Stale,Stale,282.8792
2025-12-15,Nhava Sheva,S2,S3,0.6536,0.3129,1,0.6486,Strong,Escrow,Stale,Stale,421.3218
2025-12-15,Hamburg,S1,S3,0.4297,0.312,1,0.3297,Strong,Escrow,Stale,Stale,232.5081
2025-12-16,Hamburg,S3,S4,0.4137,0.2763,1,0.6494,Strong,Escrow,CRDT,CRDT,763.4659
2025-12-16,Nhava Sheva,S1,S3,0.4937,0.2828,1,0.4569,Strong,Escrow,Stale,Stale,232.5081
2025-12-16,Rotterdam,S1,S3,0.5246,0.2528,1,0.5378,Strong,Escrow,Stale,Stale,232.5081
2025-12-17,Rotterdam,S3,S3,0.672,0.2698,1,0.7276,Strong,Escrow,CRDT,CRDT,763.4659
2025-12-17,Hamburg,S3,S4,0.4106,0.2547,1,0.5917,Strong,Escrow,CRDT,CRDT,763.4659
2025-12-17,Nhava Sheva,S1,S3,0.5054,0.2849,1,0.4711,Strong,Escrow,Stale,Stale,232.5081
2025-12-18,Rotterdam,S3,S3,0.5777,0.2466,1,0.6213,Strong,Escrow,CRDT,CRDT,763.4659
2025-12-18,Nhava Sheva,S3,S3,0.6773,0.2949,1,0.7044,Strong,Escrow,CRDT,CRDT,763.4659
2025-12-19,Hamburg,S0,S0,0.3618,0.314,1,0.3918,Strong,Escrow,Stale,Stale,123.1027
2025-12-19,Nhava Sheva,S4,S3,0.6348,0.3245,1,0.6074,Strong,Escrow,Stale,Stale,282.8792
2025-12-19,Rotterdam,S3,S3,0.71,0.3054,1,0.7383,Strong,Escrow,CRDT,CRDT,763.4659
2025-12-19,Singapore,S0,S0,0.3075,0.1735,1,0.3619,Strong,Escrow,Stale,Stale,123.1027
2025-12-20,Rotterdam,S4,S3,0.5413,0.2681,1,0.5428,Strong,Escrow,Stale,Stale,282.8792
2025-12-20,Nhava Sheva,S0,S3,0.4591,0.2899,1,0.3988,Strong,Escrow,Stale,Stale,123.1027
2025-12-20,Antwerp,S3,S3,0.3053,0.1853,1,0.3072,Strong,Escrow,CRDT,CRDT,763.4659
2025-12-20,Hamburg,S3,S4,0.4342,0.2775,1,0.6216,Strong,Escrow,CRDT,CRDT,763.4659
2025-12-21,Hamburg,S4,S0,0.3901,0.3184,1,0.3858,Strong,Escrow,Stale,Stale,282.8792
2025-12-21,Nhava Sheva,S3,S3,0.748,0.349,1,0.7392,Strong,Escrow,CRDT,CRDT,763.4659
2025-12-21,Rotterdam,S2,S3,0.7494,0.3375,1,0.7553,Strong,Escrow,Stale,Stale,421.3218
2025-12-22,Rotterdam,S3,S4,0.3896,0.3186,1,0.7356,Strong,Escrow,CRDT,CRDT,763.4659
2025-12-22,Nhava Sheva,S4,S3,0.726,0.3207,1,0.7425,Strong,Escrow,Stale,Stale,282.8792
2025-12-22,Hamburg,S2,S3,0.5058,0.2933,1,0.4614,Strong,Escrow,Stale,Stale,421.3218
2025-12-23,Shanghai,S0,S3,0.4116,0.2658,1,0.3604,Strong,Escrow,Stale,Stale,123.1027
2025-12-23,Rotterdam,S4,S3,0.6822,0.2762,1,0.7344,Strong,Escrow,Stale,Stale,282.8792
2025-12-23,Nhava Sheva,S3,S3,0.6213,0.3166,1,0.5979,Strong,Escrow,CRDT,CRDT,763.4659
2025-12-23,Hamburg,S0,S0,0.3965,0.3109,1,0.328,Strong,Escrow,Stale,Stale,123.1027
2025-12-24,Hamburg,S3,S3,0.5739,0.2887,1,0.5643,Strong,Escrow,CRDT,CRDT,763.4659
2025-12-24,Nhava Sheva,S4,S3,0.6452,0.301,1,0.6512,Strong,Escrow,Stale,Stale,282.8792
2025-12-24,Rotterdam,S3,S3,0.7601,0.2814,1,0.8392,Strong,Escrow,CRDT,CRDT,763.4659
2025-12-24,Shanghai,S0,S0,0.3473,0.2685,1,0.3817,Strong,Escrow,Stale,Stale,123.1027
2025-12-25,Shanghai,S2,S3,0.3923,0.2965,1,0.2954,Strong,Escrow,Stale,Stale,421.3218
2025-12-25,Rotterdam,S3,S3,0.5334,0.2872,1,0.5083,Strong,Escrow,CRDT,CRDT,763.4659
2025-12-25,Nhava Sheva,S3,S3,0.6798,0.325,1,0.6712,Strong,Escrow,CRDT,CRDT,763.4659
2025-12-25,Busan,S3,S4,0.322,0.2198,1,0.2946,Strong,Escrow,CRDT,CRDT,763.4659
2025-12-25,Antwerp,S2,S0,0.3127,0.2374,1,0.3939,Strong,Escrow,Stale,Stale,421.3218
2025-12-26,Antwerp,S2,S0,0.3877,0.2813,1,0.339,Strong,Escrow,Stale,Stale,421.3218
2025-12-26,Hamburg,S0,S0,0.3435,0.3265,1,0.4125,Strong,Escrow,Stale,Stale,123.1027
2025-12-26,Nhava Sheva,S4,S3,0.6044,0.3428,1,0.5417,Strong,Escrow,Stale,Stale,282.8792
2025-12-26,Rotterdam,S3,S3,0.6569,0.33,1,0.6324,Strong,Escrow,CRDT,CRDT,763.4659
2025-12-26,Shanghai,S0,S3,0.4475,0.3045,1,0.3643,Strong,Escrow,Stale,Stale,123.1027
2025-12-27,Rotterdam,S3,S3,0.6664,0.2831,1,0.7033,Strong,Escrow,CRDT,CRDT,763.4659
2025-12-27,Nhava Sheva,S1,S3,0.5764,0.301,1,0.5528,Strong,Escrow,Stale,Stale,232.5081
2025-12-28,Hamburg,S1,S0,0.3418,0.26,1,0.3437,Strong,Escrow,Stale,Stale,232.5081
2025-12-28,Nhava Sheva,S0,S0,0.3738,0.2756,1,0.3532,Strong,Escrow,Stale,Stale,123.1027
2025-12-28,Rotterdam,S3,S3,0.5332,0.2546,1,0.5478,Strong,Escrow,CRDT,CRDT,763.4659
2025-12-29,Rotterdam,S3,S3,0.5261,0.2374,1,0.5589,Strong,Escrow,CRDT,CRDT,763.4659
2025-12-29,Nhava Sheva,S1,S3,0.3985,0.2602,1,0.3486,Strong,Escrow,Stale,Stale,232.5081
2025-12-29,Hamburg,S3,S3,0.3786,0.2448,1,0.3391,Strong,Escrow,CRDT,CRDT,763.4659
2025-12-30,Hamburg,S3,S3,0.5109,0.2563,1,0.5139,Strong,Escrow,CRDT,CRDT,763.4659
2025-12-30,Nhava Sheva,S2,S3,0.5429,0.294,1,0.5136,Strong,Escrow,Stale,Stale,421.3218
2025-12-30,Rotterdam,S4,S3,0.6453,0.2922,1,0.6619,Strong,Escrow,Stale,Stale,282.8792
2025-12-31,Rotterdam,S2,S3,0.6129,0.2602,1,0.6549,Strong,Escrow,Stale,Stale,421.3218
2025-12-31,Nhava Sheva,S2,S3,0.5223,0.2713,1,0.5119,Strong,Escrow,Stale,Stale,421.3218
2025-12-31,Hamburg,S3,S3,0.6401,0.2426,1,0.7154,Strong,Escrow,CRDT,CRDT,763.4659
2026-01-01,Rotterdam,S3,S4,0.3804,0.3104,1,0.7386,Strong,Escrow,CRDT,CRDT,763.4659
2026-01-01,Nhava Sheva,S2,S3,0.5989,0.3199,1,0.5618,Strong,Escrow,Stale,Stale,421.3218
2026-01-01,Hamburg,S3,S4,0.4772,0.3099,1,0.5998,Strong,Escrow,CRDT,CRDT,763.4659
2026-01-02,Nhava Sheva,S1,S3,0.4426,0.3161,1,0.3431,Strong,Escrow,Stale,Stale,232.5081
2026-01-02,Rotterdam,S3,S3,0.8068,0.2712,1,0.9184,Strong,Escrow,CRDT,CRDT,763.4659
2026-01-03,Rotterdam,S3,S3,0.7198,0.2474,1,0.8233,Strong,Escrow,CRDT,CRDT,763.4659
2026-01-03,Nhava Sheva,S1,S3,0.5344,0.2848,1,0.5127,Strong,Escrow,Stale,Stale,232.5081
2026-01-03,Hamburg,S3,S4,0.3546,0.2817,1,0.7405,Strong,Escrow,CRDT,CRDT,763.4659
2026-01-04,Antwerp,S3,S4,0.3291,0.1702,1,0.6388,Strong,Escrow,CRDT,CRDT,763.4659
2026-01-04,Hamburg,S3,S3,0.6457,0.258,1,0.7045,Strong,Escrow,CRDT,CRDT,763.4659
2026-01-04,Nhava Sheva,S0,S0,0.3523,0.2861,1,0.387,Strong,Escrow,Stale,Stale,123.1027
2026-01-04,Rotterdam,S3,S3,0.5977,0.2665,1,0.6255,Strong,Escrow,CRDT,CRDT,763.4659
2026-01-05,Rotterdam,S3,S3,0.6293,0.2723,1,0.6635,Strong,Escrow,CRDT,CRDT,763.4659
2026-01-05,Antwerp,S3,S4,0.3882,0.1547,1,0.5349,Strong,Escrow,CRDT,CRDT,763.4659
2026-01-05,Hamburg,S3,S3,0.5951,0.2797,1,0.6056,Strong,Escrow,CRDT,CRDT,763.4659
2026-01-05,Busan,S3,S4,0.3151,0.1728,1,0.6633,Strong,Escrow,CRDT,CRDT,763.4659
2026-01-05,Nhava Sheva,S3,S3,0.6782,0.2922,1,0.709,Strong,Escrow,CRDT,CRDT,763.4659
2026-01-06,Rotterdam,S3,S4,0.4672,0.321,1,0.6145,Strong,Escrow,CRDT,CRDT,763.4659
2026-01-06,Antwerp,S3,S4,0.3752,0.2312,1,0.648,Strong,Escrow,CRDT,CRDT,763.4659
2026-01-06,Hamburg,S4,S0,0.3534,0.3093,1,0.4023,Strong,Escrow,Stale,Stale,282.8792
2026-01-06,Nhava Sheva,S4,S3,0.4615,0.3229,1,0.3619,Strong,Escrow,Stale,Stale,282.8792
2026-01-07,Hamburg,S3,S3,0.6316,0.2747,1,0.6639,Strong,Escrow,CRDT,CRDT,763.4659
2026-01-07,Nhava Sheva,S1,S0,0.3352,0.2889,1,0.3964,Strong,Escrow,Stale,Stale,232.5081
2026-01-07,Rotterdam,S4,S3,0.6673,0.2776,1,0.7113,Strong,Escrow,Stale,Stale,282.8792
2026-01-08,Rotterdam,S3,S3,0.676,0.2848,1,0.7149,Strong,Escrow,CRDT,CRDT,763.4659
2026-01-08,Nhava Sheva,S1,S0,0.3687,0.2886,1,0.3617,Strong,Escrow,Stale,Stale,232.5081
2026-01-09,Hamburg,S3,S3,0.6377,0.2869,1,0.6577,Strong,Escrow,CRDT,CRDT,763.4659
2026-01-09,Nhava Sheva,S1,S3,0.4548,0.2971,1,0.3838,Strong,Escrow,Stale,Stale,232.5081
2026-01-09,Rotterdam,S4,S3,0.6093,0.2557,1,0.6553,Strong,Escrow,Stale,Stale,282.8792
2026-01-10,Rotterdam,S3,S3,0.6555,0.2716,1,0.7019,Strong,Escrow,CRDT,CRDT,763.4659
2026-01-10,Nhava Sheva,S3,S3,0.6068,0.2936,1,0.6054,Strong,Escrow,CRDT,CRDT,763.4659
2026-01-10,Busan,S3,S4,0.3687,0.1739,1,0.5874,Strong,Escrow,CRDT,CRDT,763.4659
2026-01-10,Antwerp,S2,S3,0.3313,0.1879,1,0.3412,Strong,Escrow,Stale,Stale,421.3218
2026-01-11,Shanghai,S1,S0,0.3522,0.3177,1,0.4277,Strong,Escrow,Stale,Stale,232.5081
2026-01-11,Rotterdam,S4,S3,0.689,0.3205,1,0.6898,Strong,Escrow,Stale,Stale,282.8792
2026-01-11,Nhava Sheva,S4,S3,0.5121,0.3528,1,0.3976,Strong,Escrow,Stale,Stale,282.8792
2026-01-11,Antwerp,S1,S0,0.3342,0.2981,1,0.4348,Strong,Escrow,Stale,Stale,232.5081
2026-01-11,Hamburg,S3,S4,0.4376,0.3439,1,0.6981,Strong,Escrow,CRDT,CRDT,763.4659
2026-01-12,Antwerp,S3,S4,0.393,0.2541,1,0.6517,Strong,Escrow,CRDT,CRDT,763.4659
2026-01-12,Hamburg,S3,S3,0.6158,0.2957,1,0.6156,Strong,Escrow,CRDT,CRDT,763.4659
2026-01-12,Nhava Sheva,S3,S3,0.6128,0.3273,1,0.5726,Strong,Escrow,CRDT,CRDT,763.4659
2026-01-12,Rotterdam,S1,S3,0.62,0.3109,1,0.603,Strong,Escrow,Stale,Stale,232.5081
2026-01-12,Shanghai,S2,S0,0.3369,0.2353,1,0.3005,Strong,Escrow,Stale,Stale,421.3218
2026-01-13,Rotterdam,S3,S3,0.5712,0.3302,1,0.5096,Strong,Escrow,CRDT,CRDT,763.4659
2026-01-13,Shanghai,S2,S3,0.3734,0.2717,1,0.2987,Strong,Escrow,Stale,Stale,421.3218
2026-01-13,Nhava Sheva,S3,S3,0.6501,0.3331,1,0.6188,Strong,Escrow,CRDT,CRDT,763.4659
2026-01-13,Hamburg,S3,S4,0.4673,0.3157,1,0.621,Strong,Escrow,CRDT,CRDT,763.4659
2026-01-14,Hamburg,S4,S0,0.3622,0.3245,1,0.3986,Strong,Escrow,Stale,Stale,282.8792
2026-01-14,Nhava Sheva,S3,S3,0.7353,0.3241,1,0.7515,Strong,Escrow,CRDT,CRDT,763.4659
2026-01-14,Rotterdam,S3,S4,0.4966,0.2832,1,0.5334,Strong,Escrow,CRDT,CRDT,763.4659
2026-01-14,Shanghai,S1,S3,0.4187,0.2876,1,0.3439,Strong,Escrow,Stale,Stale,232.5081
2026-01-15,Rotterdam,S3,S3,0.637,0.2547,1,0.6962,Strong,Escrow,CRDT,CRDT,763.4659
2026-01-15,Nhava Sheva,S3,S3,0.6623,0.2896,1,0.6894,Strong,Escrow,CRDT,CRDT,763.4659
2026-01-15,Hamburg,S1,S0,0.3567,0.2839,1,0.3548,Strong,Escrow,Stale,Stale,232.5081
2026-01-16,Hamburg,S3,S4,0.4681,0.2593,1,0.4737,Strong,Escrow,CRDT,CRDT,763.4659
2026-01-16,Nhava Sheva,S3,S3,0.6304,0.2687,1,0.6694,Strong,Escrow,CRDT,CRDT,763.4659
2026-01-16,Rotterdam,S3,S3,0.6438,0.2374,1,0.727,Strong,Escrow,CRDT,CRDT,763.4659
2026-01-17,Rotterdam,S3,S3,0.6913,0.3024,1,0.7153,Strong,Escrow,CRDT,CRDT,763.4659
2026-01-17,Nhava Sheva,S4,S3,0.5012,0.313,1,0.4307,Strong,Escrow,Stale,Stale,282.8792
2026-01-18,Hamburg,S2,S3,0.4191,0.2592,1,0.3793,Strong,Escrow,Stale,Stale,421.3218
2026-01-18,Nhava Sheva,S3,S3,0.7157,0.2829,1,0.774,Strong,Escrow,CRDT,CRDT,763.4659
2026-01-18,Rotterdam,S3,S4,0.4952,0.2663,1,0.5207,Strong,Escrow,CRDT,CRDT,763.4659
2026-01-19,Rotterdam,S3,S3,0.6984,0.2755,1,0.7584,Strong,Escrow,CRDT,CRDT,763.4659
2026-01-19,Nhava Sheva,S3,S3,0.6682,0.2806,1,0.709,Strong,Escrow,CRDT,CRDT,763.4659
2026-01-19,Hamburg,S3,S3,0.4791,0.2574,1,0.4673,Strong,Escrow,CRDT,CRDT,763.4659
2026-01-20,Rotterdam,S4,S3,0.6222,0.2835,1,0.6396,Strong,Escrow,Stale,Stale,282.8792
2026-01-20,Nhava Sheva,S3,S3,0.7001,0.2835,1,0.7509,Strong,Escrow,CRDT,CRDT,763.4659
2026-01-20,Hamburg,S4,S3,0.3707,0.2432,1,0.3298,Strong,Escrow,Stale,Stale,282.8792
2026-01-21,Hamburg,S3,S3,0.5266,0.2346,1,0.5629,Strong,Escrow,CRDT,CRDT,763.4659
2026-01-21,Nhava Sheva,S3,S3,0.6773,0.265,1,0.7411,Strong,Escrow,CRDT,CRDT,763.4659
2026-01-21,Rotterdam,S3,S3,0.7137,0.2549,1,0.8054,Strong,Escrow,CRDT,CRDT,763.4659
2026-01-22,Rotterdam,S4,S3,0.6299,0.2988,1,0.632,Strong,Escrow,Stale,Stale,282.8792
2026-01-22,Nhava Sheva,S4,S3,0.4651,0.3287,1,0.3598,Strong,Escrow,Stale,Stale,282.8792
2026-01-22,Hamburg,S4,S0,0.3343,0.3115,1,0.4194,Strong,Escrow,Stale,Stale,282.8792
2026-01-23,Nhava Sheva,S3,S3,0.7971,0.3266,1,0.8367,Strong,Escrow,CRDT,CRDT,763.4659
2026-01-23,Rotterdam,S1,S3,0.6363,0.2948,1,0.6461,Strong,Escrow,Stale,Stale,232.5081
2026-01-24,Rotterdam,S1,S3,0.5458,0.2927,1,0.5192,Strong,Escrow,Stale,Stale,232.5081
2026-01-24,Hamburg,S1,S3,0.4263,0.2838,1,0.3595,Strong,Escrow,Stale,Stale,232.5081
2026-01-24,Nhava Sheva,S4,S3,0.4875,0.3071,1,0.4183,Strong,Escrow,Stale,Stale,282.8792
2026-01-25,Rotterdam,S3,S3,0.6617,0.2605,1,0.7243,Strong,Escrow,CRDT,CRDT,763.4659
2026-01-25,Hamburg,S3,S4,0.4575,0.2592,1,0.5658,Strong,Escrow,CRDT,CRDT,763.4659
2026-01-25,Nhava Sheva,S1,S3,0.4017,0.2793,1,0.3298,Strong,Escrow,Stale,Stale,232.5081
2026-01-26,Nhava Sheva,S3,S3,0.6594,0.3118,1,0.6581,Strong,Escrow,CRDT,CRDT,763.4659
2026-01-26,Rotterdam,S4,S3,0.5468,0.2744,1,0.5431,Strong,Escrow,Stale,Stale,282.8792
2026-01-27,Rotterdam,S3,S3,0.6173,0.2804,1,0.6364,Strong,Escrow,CRDT,CRDT,763.4659
2026-01-27,Shanghai,S3,S4,0.3433,0.2524,1,0.2909,Strong,Escrow,CRDT,CRDT,763.4659
2026-01-27,Nhava Sheva,S4,S3,0.584,0.2981,1,0.5672,Strong,Escrow,Stale,Stale,282.8792
2026-01-27,Busan,S3,S4,0.3707,0.1944,1,0.6101,Strong,Escrow,CRDT,CRDT,763.4659
2026-01-27,Hamburg,S3,S3,0.5633,0.2762,1,0.5645,Strong,Escrow,CRDT,CRDT,763.4659
2026-01-28,Antwerp,S1,S0,0.3721,0.3543,1,0.4445,Strong,Escrow,Stale,Stale,232.5081
2026-01-28,Hamburg,S3,S3,0.6528,0.3667,1,0.5815,Strong,Escrow,CRDT,CRDT,763.4659
2026-01-28,Nhava Sheva,S2,S3,0.715,0.3941,1,0.6368,Strong,Escrow,Stale,Stale,421.3218
2026-01-28,Rotterdam,S4,S3,0.6126,0.3591,1,0.5334,Strong,Escrow,Stale,Stale,282.8792
2026-01-28,Shanghai,S4,S3,0.5275,0.3423,1,0.4323,Strong,Escrow,Stale,Stale,282.8792
2026-01-29,Shanghai,S1,S0,0.3583,0.2394,1,0.3367,Strong,Escrow,Stale,Stale,232.5081
2026-01-29,Rotterdam,S3,S3,0.6519,0.3007,1,0.661,Strong,Escrow,CRDT,CRDT,763.4659
2026-01-29,Nhava Sheva,S2,S3,0.7164,0.3321,1,0.7147,Strong,Escrow,Stale,Stale,421.3218
2026-01-29,Hamburg,S4,S0,0.4055,0.3095,1,0.3091,Strong,Escrow,Stale,Stale,282.8792
2026-01-30,Shanghai,S1,S0,0.3199,0.268,1,0.4223,Strong,Escrow,Stale,Stale,232.5081
2026-01-30,Rotterdam,S4,S3,0.4485,0.2653,1,0.4138,Strong,Escrow,Stale,Stale,282.8792
2026-01-30,Nhava Sheva,S3,S3,0.62,0.3235,1,0.5875,Strong,Escrow,CRDT,CRDT,763.4659
2026-01-30,Hamburg,S1,S0,0.3059,0.3207,1,0.4619,Strong,Escrow,Stale,Stale,232.5081
2026-01-31,Hamburg,S1,S3,0.4748,0.2947,1,0.4154,Strong,Escrow,Stale,Stale,232.5081
2026-01-31,Nhava Sheva,S4,S3,0.4472,0.3052,1,0.363,Strong,Escrow,Stale,Stale,282.8792
2026-01-31,Rotterdam,S3,S3,0.6261,0.2748,1,0.6558,Strong,Escrow,CRDT,CRDT,763.4659
2026-01-31,Shanghai,S1,S0,0.3459,0.2698,1,0.4027,Strong,Escrow,Stale,Stale,232.5081
2026-02-01,Rotterdam,S3,S3,0.7281,0.3233,1,0.7422,Strong,Escrow,CRDT,CRDT,763.4659
2026-02-01,Shanghai,S2,S4,0.3663,0.3312,1,0.2902,Strong,Escrow,Stale,Stale,421.3218
2026-02-01,Nhava Sheva,S1,S3,0.6936,0.3667,1,0.6398,Strong,Escrow,Stale,Stale,232.5081
2026-02-01,Hamburg,S1,S3,0.4614,0.372,1,0.3016,Strong,Escrow,Stale,Stale,232.5081
2026-02-02,Hamburg,S1,S0,0.3421,0.3127,1,0.3802,Strong,Escrow,Stale,Stale,232.5081
2026-02-02,Nhava Sheva,S3,S3,0.6959,0.3155,1,0.7059,Strong,Escrow,CRDT,CRDT,763.4659
2026-02-02,Rotterdam,S4,S3,0.5901,0.279,1,0.5993,Strong,Escrow,Stale,Stale,282.8792
2026-02-02,Shanghai,S1,S0,0.3503,0.2327,1,0.3653,Strong,Escrow,Stale,Stale,232.5081
2026-02-03,Rotterdam,S3,S3,0.5845,0.2832,1,0.5862,Strong,Escrow,CRDT,CRDT,763.4659
2026-02-03,Hamburg,S3,S3,0.562,0.2898,1,0.5459,Strong,Escrow,CRDT,CRDT,763.4659
2026-02-03,Nhava Sheva,S3,S3,0.7056,0.3003,1,0.7381,Strong,Escrow,CRDT,CRDT,763.4659
2026-02-04,Shanghai,S2,S4,0.3121,0.306,1,0.3566,Strong,Escrow,Stale,Stale,421.3218
2026-02-04,Rotterdam,S3,S3,0.6122,0.3159,1,0.5857,Strong,Escrow,CRDT,CRDT,763.4659
2026-02-04,Hamburg,S3,S3,0.6792,0.345,1,0.6458,Strong,Escrow,CRDT,CRDT,763.4659
2026-02-04,Nhava Sheva,S4,S3,0.6514,0.3502,1,0.5997,Strong,Escrow,Stale,Stale,282.8792
2026-02-05,Hamburg,S4,S3,0.461,0.2963,1,0.3937,Strong,Escrow,Stale,Stale,282.8792
2026-02-05,Nhava Sheva,S3,S3,0.5653,0.3054,1,0.5315,Strong,Escrow,CRDT,CRDT,763.4659
2026-02-05,Rotterdam,S4,S3,0.575,0.2745,1,0.5832,Strong,Escrow,Stale,Stale,282.8792
2026-02-06,Rotterdam,S1,S3,0.598,0.2804,1,0.6089,Strong,Escrow,Stale,Stale,232.5081
2026-02-06,Nhava Sheva,S4,S0,0.388,0.2942,1,0.355,Strong,Escrow,Stale,Stale,282.8792
2026-02-06,Hamburg,S1,S3,0.4052,0.2799,1,0.3341,Strong,Escrow,Stale,Stale,232.5081
2026-02-07,Hamburg,S2,S3,0.5143,0.2931,1,0.4739,Strong,Escrow,Stale,Stale,421.3218
2026-02-07,Nhava Sheva,S3,S3,0.7105,0.2971,1,0.7492,Strong,Escrow,CRDT,CRDT,763.4659
2026-02-07,Rotterdam,S3,S3,0.6705,0.2807,1,0.7121,Strong,Escrow,CRDT,CRDT,763.4659
2026-02-08,Shanghai,S1,S0,0.3286,0.3186,1,0.4318,Strong,Escrow,Stale,Stale,232.5081
2026-02-08,Rotterdam,S3,S3,0.5542,0.2842,1,0.5417,Strong,Escrow,CRDT,CRDT,763.4659
2026-02-08,Nhava Sheva,S4,S3,0.5098,0.3182,1,0.4365,Strong,Escrow,Stale,Stale,282.8792
2026-02-08,Busan,S2,S3,0.3374,0.2253,1,0.3041,Strong,Escrow,Stale,Stale,421.3218
2026-02-08,Hamburg,S3,S4,0.4702,0.3238,1,0.6135,Strong,Escrow,CRDT,CRDT,763.4659
2026-02-09,Shanghai,S0,S0,0.3947,0.2632,1,0.3437,Strong,Escrow,Stale,Stale,123.1027
2026-02-09,Rotterdam,S3,S3,0.7235,0.3206,1,0.7389,Strong,Escrow,CRDT,CRDT,763.4659
2026-02-09,Nhava Sheva,S0,S3,0.5454,0.3292,1,0.474,Strong,Escrow,Stale,Stale,123.1027
2026-02-09,Busan,S3,S3,0.4377,0.245,1,0.4232,Strong,Escrow,CRDT,CRDT,763.4659
2026-02-09,Hamburg,S4,S0,0.3283,0.3043,1,0.4106,Strong,Escrow,Stale,Stale,282.8792
2026-02-10,Antwerp,S2,S0,0.3188,0.2446,1,0.3802,Strong,Escrow,Stale,Stale,421.3218
2026-02-10,Hamburg,S1,S3,0.4954,0.3111,1,0.4247,Strong,Escrow,Stale,Stale,232.5081
2026-02-10,Nhava Sheva,S0,S0,0.421,0.3294,1,0.3081,Strong,Escrow,Stale,Stale,123.1027
2026-02-10,Rotterdam,S3,S3,0.7245,0.3193,1,0.742,Strong,Escrow,CRDT,CRDT,763.4659
2026-02-11,Rotterdam,S3,S4,0.4846,0.2766,1,0.5423,Strong,Escrow,CRDT,CRDT,763.4659
2026-02-11,Nhava Sheva,S2,S3,0.6338,0.2928,1,0.6449,Strong,Escrow,Stale,Stale,421.3218
2026-02-11,Hamburg,S3,S3,0.6664,0.2758,1,0.7122,Strong,Escrow,CRDT,CRDT,763.4659
2026-02-12,Hamburg,S3,S3,0.5187,0.2543,1,0.5275,Strong,Escrow,CRDT,CRDT,763.4659
2026-02-12,Nhava Sheva,S2,S3,0.5605,0.291,1,0.5424,Strong,Escrow,Stale,Stale,421.3218
2026-02-12,Rotterdam,S4,S3,0.5591,0.2842,1,0.5487,Strong,Escrow,Stale,Stale,282.8792
2026-02-13,Rotterdam,S2,S3,0.6564,0.2553,1,0.7231,Strong,Escrow,Stale,Stale,421.3218
2026-02-13,Nhava Sheva,S0,S0,0.3463,0.2695,1,0.3909,Strong,Escrow,Stale,Stale,123.1027
2026-02-14,Rotterdam,S0,S0,0.3539,0.2378,1,0.3291,Strong,Escrow,Stale,Stale,123.1027
2026-02-14,Hamburg,S3,S3,0.4435,0.2335,1,0.4456,Strong,Escrow,CRDT,CRDT,763.4659
2026-02-14,Nhava Sheva,S2,S3,0.4342,0.2565,1,0.4041,Strong,Escrow,Stale,Stale,421.3218
2026-02-15,Hamburg,S3,S3,0.4308,0.2495,1,0.4079,Strong,Escrow,CRDT,CRDT,763.4659
2026-02-15,Nhava Sheva,S1,S3,0.4723,0.2917,1,0.4154,Strong,Escrow,Stale,Stale,232.5081
2026-02-15,Rotterdam,S3,S3,0.646,0.2925,1,0.6627,Strong,Escrow,CRDT,CRDT,763.4659
2026-02-16,Rotterdam,S3,S4,0.3489,0.2603,1,0.7223,Strong,Escrow,CRDT,CRDT,763.4659
2026-02-16,Nhava Sheva,S0,S3,0.4481,0.299,1,0.372,Strong,Escrow,Stale,Stale,123.1027
2026-02-16,Antwerp,S3,S4,0.3164,0.1869,1,0.6782,Strong,Escrow,CRDT,CRDT,763.4659
2026-02-16,Hamburg,S4,S3,0.3984,0.2843,1,0.319,Strong,Escrow,Stale,Stale,282.8792
2026-02-17,Hamburg,S0,S0,0.3149,0.2957,1,0.426,Strong,Escrow,Stale,Stale,123.1027
2026-02-17,Nhava Sheva,S1,S3,0.5833,0.3,1,0.5639,Strong,Escrow,Stale,Stale,232.5081
2026-02-17,Rotterdam,S3,S3,0.6875,0.2685,1,0.7512,Strong,Escrow,CRDT,CRDT,763.4659
2026-02-18,Rotterdam,S3,S3,0.5883,0.2877,1,0.5861,Strong,Escrow,CRDT,CRDT,763.4659
2026-02-18,Nhava Sheva,S2,S3,0.5888,0.3117,1,0.5574,Strong,Escrow,Stale,Stale,421.3218
2026-02-18,Hamburg,S0,S0,0.3411,0.3059,1,0.3857,Strong,Escrow,Stale,Stale,123.1027
2026-02-19,Rotterdam,S3,S3,0.6122,0.2574,1,0.6573,Strong,Escrow,CRDT,CRDT,763.4659
2026-02-19,Nhava Sheva,S0,S3,0.4137,0.2821,1,0.3435,Strong,Escrow,Stale,Stale,123.1027
2026-02-19,Busan,S3,S4,0.3076,0.1445,1,0.6392,Strong,Escrow,CRDT,CRDT,763.4659
2026-02-19,Hamburg,S3,S3,0.5927,0.2726,1,0.6108,Strong,Escrow,CRDT,CRDT,763.4659
2026-02-20,Hamburg,S4,S0,0.3394,0.2919,1,0.4005,Strong,Escrow,Stale,Stale,282.8792
2026-02-20,Nhava Sheva,S2,S3,0.6344,0.3211,1,0.6109,Strong,Escrow,Stale,Stale,421.3218
2026-02-20,Rotterdam,S4,S3,0.6339,0.3145,1,0.6183,Strong,Escrow,Stale,Stale,282.8792
2026-02-21,Rotterdam,S2,S3,0.6682,0.2737,1,0.7173,Strong,Escrow,Stale,Stale,421.3218
2026-02-21,Hamburg,S1,S0,0.3871,0.2641,1,0.3393,Strong,Escrow,Stale,Stale,232.5081
2026-02-21,Nhava Sheva,S0,S0,0.4039,0.2878,1,0.3526,Strong,Escrow,Stale,Stale,123.1027
2026-02-22,Hamburg,S2,S3,0.3943,0.2473,1,0.3584,Strong,Escrow,Stale,Stale,421.3218
2026-02-22,Nhava Sheva,S0,S3,0.4229,0.2676,1,0.3744,Strong,Escrow,Stale,Stale,123.1027
2026-02-22,Rotterdam,S3,S3,0.591,0.2489,1,0.6375,Strong,Escrow,CRDT,CRDT,763.4659
2026-02-23,Rotterdam,S3,S4,0.4483,0.2339,1,0.5269,Strong,Escrow,CRDT,CRDT,763.4659
2026-02-23,Nhava Sheva,S0,S0,0.3816,0.2844,1,0.3571,Strong,Escrow,Stale,Stale,123.1027
2026-02-23,Hamburg,S1,S0,0.3773,0.283,1,0.325,Strong,Escrow,Stale,Stale,232.5081
2026-02-24,Hamburg,S0,S0,0.3259,0.2587,1,0.364,Strong,Escrow,Stale,Stale,123.1027
2026-02-24,Nhava Sheva,S2,S3,0.5936,0.2655,1,0.6207,Strong,Escrow,Stale,Stale,421.3218
2026-02-24,Rotterdam,S3,S3,0.7123,0.2248,1,0.8403,Strong,Escrow,CRDT,CRDT,763.4659
2026-02-25,Rotterdam,S3,S3,0.4923,0.2193,1,0.5328,Strong,Escrow,CRDT,CRDT,763.4659
2026-02-25,Nhava Sheva,S0,S0,0.3188,0.2541,1,0.3961,Strong,Escrow,Stale,Stale,123.1027
2026-02-26,Nhava Sheva,S2,S3,0.5107,0.2814,1,0.483,Strong,Escrow,Stale,Stale,421.3218
2026-02-26,Rotterdam,S4,S3,0.3793,0.2465,1,0.3379,Strong,Escrow,Stale,Stale,282.8792
2026-02-27,Rotterdam,S3,S3,0.6318,0.2325,1,0.7158,Strong,Escrow,CRDT,CRDT,763.4659
2026-02-27,Nhava Sheva,S1,S3,0.4676,0.2637,1,0.443,Strong,Escrow,Stale,Stale,232.5081
2026-02-28,Rotterdam,S3,S3,0.6981,0.2239,1,0.8211,Strong,Escrow,CRDT,CRDT,763.4659
2026-02-28,Nhava Sheva,S1,S3,0.4451,0.282,1,0.3885,Strong,Escrow,Stale,Stale,232.5081
2026-02-28,Hamburg,S3,S3,0.5734,0.2821,1,0.5717,Strong,Escrow,CRDT,CRDT,763.4659
2026-03-01,Hamburg,S4,S3,0.3431,0.2582,1,0.272,Strong,Escrow,Stale,Stale,282.8792
2026-03-01,Nhava Sheva,S3,S3,0.6205,0.2844,1,0.6361,Strong,Escrow,CRDT,CRDT,763.4659
2026-03-01,Rotterdam,S3,S3,0.6869,0.2523,1,0.7704,Strong,Escrow,CRDT,CRDT,763.4659
2026-03-02,Rotterdam,S3,S3,0.6612,0.2669,1,0.7157,Strong,Escrow,CRDT,CRDT,763.4659
2026-03-02,Shanghai,S3,S3,0.4679,0.2046,1,0.5159,Strong,Escrow,CRDT,CRDT,763.4659
2026-03-02,Nhava Sheva,S3,S3,0.6883,0.2815,1,0.7366,Strong,Escrow,CRDT,CRDT,763.4659
2026-03-03,Hamburg,S3,S3,0.5258,0.3058,1,0.4747,Strong,Escrow,CRDT,CRDT,763.4659
2026-03-03,Nhava Sheva,S4,S0,0.4234,0.3236,1,0.366,Strong,Escrow,Stale,Stale,282.8792
2026-03-03,Rotterdam,S4,S3,0.6828,0.3032,1,0.7021,Strong,Escrow,Stale,Stale,282.8792
2026-03-04,Rotterdam,S3,S3,0.5496,0.3004,1,0.5153,Strong,Escrow,CRDT,CRDT,763.4659
2026-03-04,Hamburg,S4,S3,0.3861,0.2725,1,0.3158,Strong,Escrow,Stale,Stale,282.8792
2026-03-04,Nhava Sheva,S1,S3,0.6047,0.3096,1,0.5827,Strong,Escrow,Stale,Stale,232.5081
2026-03-05,Rotterdam,S3,S3,0.7128,0.2651,1,0.7917,Strong,Escrow,CRDT,CRDT,763.4659
2026-03-05,Hamburg,S3,S3,0.5713,0.2983,1,0.5488,Strong,Escrow,CRDT,CRDT,763.4659
2026-03-05,Nhava Sheva,S1,S3,0.5818,0.3099,1,0.5497,Strong,Escrow,Stale,Stale,232.5081
2026-03-06,Hamburg,S4,S0,0.3299,0.2888,1,0.3981,Strong,Escrow,Stale,Stale,282.8792
2026-03-06,Nhava Sheva,S3,S3,0.5971,0.3241,1,0.5541,Strong,Escrow,CRDT,CRDT,763.4659
2026-03-06,Rotterdam,S4,S3,0.6534,0.309,1,0.6529,Strong,Escrow,Stale,Stale,282.8792
2026-03-06,Shanghai,S3,S4,0.3071,0.2082,1,0.7179,Strong,Escrow,CRDT,CRDT,763.4659
2026-03-07,Rotterdam,S0,S3,0.6003,0.332,1,0.5491,Strong,Escrow,Stale,Stale,123.1027
2026-03-07,Shanghai,S4,S3,0.4002,0.2717,1,0.337,Strong,Escrow,Stale,Stale,282.8792
2026-03-07,Nhava Sheva,S3,S3,0.708,0.3398,1,0.6934,Strong,Escrow,CRDT,CRDT,763.4659
2026-03-07,Hamburg,S3,S3,0.6466,0.3021,1,0.6518,Strong,Escrow,CRDT,CRDT,763.4659
2026-03-08,Hamburg,S4,S3,0.5398,0.3306,1,0.4643,Strong,Escrow,Stale,Stale,282.8792
2026-03-08,Nhava Sheva,S4,S3,0.6147,0.3789,1,0.512,Strong,Escrow,Stale,Stale,282.8792
2026-03-08,Rotterdam,S3,S3,0.8872,0.3915,1,0.886,Strong,Escrow,CRDT,CRDT,763.4659
2026-03-08,Shanghai,S0,S3,0.4204,0.2522,1,0.3897,Strong,Escrow,Stale,Stale,123.1027
2026-03-09,Shanghai,S0,S0,0.4012,0.2757,1,0.3362,Strong,Escrow,Stale,Stale,123.1027
2026-03-09,Rotterdam,S4,S3,0.6871,0.3204,1,0.6873,Strong,Escrow,Stale,Stale,282.8792
2026-03-09,Nhava Sheva,S3,S3,0.7834,0.3519,1,0.7862,Strong,Escrow,CRDT,CRDT,763.4659
2026-03-09,Busan,S2,S0,0.304,0.2283,1,0.3298,Strong,Escrow,Stale,Stale,421.3218
2026-03-09,Hamburg,S0,S0,0.3875,0.3335,1,0.3617,Strong,Escrow,Stale,Stale,123.1027
2026-03-10,Shanghai,S1,S3,0.4101,0.2745,1,0.3477,Strong,Escrow,Stale,Stale,232.5081
2026-03-10,Rotterdam,S1,S3,0.5712,0.3082,1,0.5365,Strong,Escrow,Stale,Stale,232.5081
2026-03-10,Nhava Sheva,S4,S3,0.5393,0.3224,1,0.4736,Strong,Escrow,Stale,Stale,282.8792
2026-03-10,Hamburg,S0,S0,0.3381,0.3025,1,0.4051,Strong,Escrow,Stale,Stale,123.1027
2026-03-11,Hamburg,S0,S0,0.3164,0.2913,1,0.4098,Strong,Escrow,Stale,Stale,123.1027
2026-03-11,Nhava Sheva,S0,S3,0.4608,0.3114,1,0.3749,Strong,Escrow,Stale,Stale,123.1027
2026-03-12,Shanghai,S2,S0,0.3362,0.2596,1,0.354,Strong,Escrow,Stale,Stale,421.3218
2026-03-12,Rotterdam,S4,S3,0.5405,0.2659,1,0.5445,Strong,Escrow,Stale,Stale,282.8792
2026-03-12,Nhava Sheva,S1,S3,0.5446,0.311,1,0.4952,Strong,Escrow,Stale,Stale,232.5081
2026-03-12,Hamburg,S0,S0,0.308,0.3097,1,0.4576,Strong,Escrow,Stale,Stale,123.1027
2026-03-12,Busan,S3,S4,0.3589,0.2126,1,0.6488,Strong,Escrow,CRDT,CRDT,763.4659
2026-03-12,Antwerp,S3,S3,0.3676,0.2036,1,0.3738,Strong,Escrow,CRDT,CRDT,763.4659
2026-03-13,Hamburg,S1,S3,0.5173,0.3506,1,0.4077,Strong,Escrow,Stale,Stale,232.5081
2026-03-13,Nhava Sheva,S3,S3,0.603,0.3439,1,0.5382,Strong,Escrow,CRDT,CRDT,763.4659
2026-03-13,Rotterdam,S3,S3,0.6523,0.3138,1,0.6455,Strong,Escrow,CRDT,CRDT,763.4659
2026-03-13,Shanghai,S2,S3,0.3524,0.2284,1,0.3216,Strong,Escrow,Stale,Stale,421.3218
2026-03-14,Singapore,S0,S3,0.4471,0.2109,1,0.4785,Strong,Escrow,Stale,Stale,123.1027
2026-03-14,Shanghai,S1,S3,0.4554,0.3368,1,0.3362,Strong,Escrow,Stale,Stale,232.5081
2026-03-14,Rotterdam,S3,S3,0.693,0.3043,1,0.7154,Strong,Escrow,CRDT,CRDT,763.4659
2026-03-14,Nhava Sheva,S3,S4,0.4758,0.3467,1,0.6468,Strong,Escrow,CRDT,CRDT,763.4659
2026-03-14,Hamburg,S1,S3,0.5917,0.3587,1,0.504,Strong,Escrow,Stale,Stale,232.5081
2026-03-14,Busan,S2,S0,0.3109,0.2329,1,0.2939,Strong,Escrow,Stale,Stale,421.3218
2026-03-15,Hamburg,S3,S4,0.5111,0.3047,1,0.5188,Strong,Escrow,CRDT,CRDT,763.4659
2026-03-15,Nhava Sheva,S4,S3,0.5034,0.3033,1,0.4457,Strong,Escrow,Stale,Stale,282.8792
2026-03-15,Rotterdam,S3,S4,0.4185,0.2675,1,0.6317,Strong,Escrow,CRDT,CRDT,763.4659
2026-03-15,Shanghai,S0,S3,0.3721,0.236,1,0.3405,Strong,Escrow,Stale,Stale,123.1027
2026-03-16,Rotterdam,S4,S3,0.6179,0.2787,1,0.6394,Strong,Escrow,Stale,Stale,282.8792
2026-03-16,Nhava Sheva,S0,S3,0.4543,0.2973,1,0.3829,Strong,Escrow,Stale,Stale,123.1027
2026-03-16,Hamburg,S4,S0,0.3306,0.2719,1,0.3739,Strong,Escrow,Stale,Stale,282.8792
2026-03-17,Hamburg,S3,S4,0.3385,0.2787,1,0.7598,Strong,Escrow,CRDT,CRDT,763.4659
2026-03-17,Nhava Sheva,S3,S3,0.6322,0.3076,1,0.6245,Strong,Escrow,CRDT,CRDT,763.4659
2026-03-17,Rotterdam,S3,S3,0.7422,0.2826,1,0.8122,Strong,Escrow,CRDT,CRDT,763.4659
2026-03-18,Shanghai,S0,S0,0.4425,0.3199,1,0.3457,Strong,Escrow,Stale,Stale,123.1027
2026-03-18,Rotterdam,S4,S3,0.6744,0.3189,1,0.6709,Strong,Escrow,Stale,Stale,282.8792
2026-03-18,Nhava Sheva,S4,S3,0.5179,0.3449,1,0.4154,Strong,Escrow,Stale,Stale,282.8792
2026-03-18,Busan,S2,S0,0.3033,0.2304,1,0.3668,Strong,Escrow,Stale,Stale,421.3218
2026-03-18,Hamburg,S4,S0,0.4016,0.3151,1,0.325,Strong,Escrow,Stale,Stale,282.8792
2026-03-19,Shanghai,S0,S0,0.3317,0.2258,1,0.3423,Strong,Escrow,Stale,Stale,123.1027
2026-03-19,Rotterdam,S3,S3,0.6387,0.2763,1,0.672,Strong,Escrow,CRDT,CRDT,763.4659
2026-03-19,Nhava Sheva,S1,S3,0.6219,0.3022,1,0.6164,Strong,Escrow,Stale,Stale,232.5081
2026-03-20,Hamburg,S0,S0,0.3944,0.3017,1,0.3679,Strong,Escrow,Stale,Stale,123.1027
2026-03-20,Nhava Sheva,S1,S3,0.5544,0.3054,1,0.516,Strong,Escrow,Stale,Stale,232.5081
2026-03-20,Rotterdam,S4,S3,0.5211,0.2505,1,0.5357,Strong,Escrow,Stale,Stale,282.8792
2026-03-20,Shanghai,S1,S0,0.3282,0.2597,1,0.3673,Strong,Escrow,Stale,Stale,232.5081
2026-03-21,Rotterdam,S3,S3,0.5015,0.2349,1,0.5268,Strong,Escrow,CRDT,CRDT,763.4659
2026-03-21,Nhava Sheva,S3,S3,0.6286,0.2783,1,0.6553,Strong,Escrow,CRDT,CRDT,763.4659
2026-03-22,Hamburg,S1,S0,0.4101,0.3099,1,0.3083,Strong,Escrow,Stale,Stale,232.5081
2026-03-22,Nhava Sheva,S4,S3,0.6127,0.3068,1,0.5975,Strong,Escrow,Stale,Stale,282.8792
2026-03-22,Rotterdam,S4,S3,0.4252,0.2564,1,0.3915,Strong,Escrow,Stale,Stale,282.8792
2026-03-22,Shanghai,S2,S3,0.4371,0.3131,1,0.339,Strong,Escrow,Stale,Stale,421.3218
2026-03-23,Rotterdam,S3,S3,0.5943,0.2384,1,0.655,Strong,Escrow,CRDT,CRDT,763.4659
2026-03-23,Hamburg,S3,S3,0.5969,0.275,1,0.6138,Strong,Escrow,CRDT,CRDT,763.4659
2026-03-23,Nhava Sheva,S2,S3,0.599,0.2791,1,0.6119,Strong,Escrow,Stale,Stale,421.3218
2026-03-24,Shanghai,S2,S0,0.3188,0.2681,1,0.374,Strong,Escrow,Stale,Stale,421.3218
2026-03-24,Rotterdam,S3,S3,0.5969,0.2611,1,0.631,Strong,Escrow,CRDT,CRDT,763.4659
2026-03-24,Antwerp,S3,S4,0.4643,0.2162,1,0.5022,Strong,Escrow,CRDT,CRDT,763.4659
2026-03-24,Nhava Sheva,S0,S0,0.4012,0.3117,1,0.3416,Strong,Escrow,Stale,Stale,123.1027
2026-03-25,Hamburg,S3,S4,0.3737,0.3259,1,0.7673,Strong,Escrow,CRDT,CRDT,763.4659
2026-03-25,Nhava Sheva,S0,S3,0.5455,0.3305,1,0.4726,Strong,Escrow,Stale,Stale,123.1027
2026-03-25,Rotterdam,S4,S3,0.6694,0.3008,1,0.6859,Strong,Escrow,Stale,Stale,282.8792
2026-03-25,Shanghai,S0,S0,0.3484,0.2434,1,0.355,Strong,Escrow,Stale,Stale,123.1027
2026-03-26,Rotterdam,S0,S3,0.5704,0.2989,1,0.5468,Strong,Escrow,Stale,Stale,123.1027
2026-03-26,Nhava Sheva,S0,S3,0.5541,0.3138,1,0.5052,Strong,Escrow,Stale,Stale,123.1027
2026-03-27,Hamburg,S3,S4,0.4738,0.2865,1,0.576,Strong,Escrow,CRDT,CRDT,763.4659
2026-03-27,Nhava Sheva,S0,S3,0.4612,0.3176,1,0.368,Strong,Escrow,Stale,Stale,123.1027
2026-03-27,Rotterdam,S3,S3,0.5404,0.2948,1,0.509,Strong,Escrow,CRDT,CRDT,763.4659
2026-03-28,Shanghai,S2,S3,0.3936,0.246,1,0.359,Strong,Escrow,Stale,Stale,421.3218
2026-03-28,Rotterdam,S3,S3,0.7039,0.2953,1,0.7419,Strong,Escrow,CRDT,CRDT,763.4659
2026-03-28,Nhava Sheva,S3,S3,0.6599,0.335,1,0.6304,Strong,Escrow,CRDT,CRDT,763.4659
2026-03-28,Hamburg,S4,S0,0.3014,0.3068,1,0.4513,Strong,Escrow,Stale,Stale,282.8792
2026-03-29,Shanghai,S1,S3,0.4044,0.2565,1,0.3616,Strong,Escrow,Stale,Stale,232.5081
2026-03-29,Rotterdam,S3,S3,0.7216,0.293,1,0.77,Strong,Escrow,CRDT,CRDT,763.4659
2026-03-29,Nhava Sheva,S4,S3,0.5906,0.3122,1,0.5593,Strong,Escrow,Stale,Stale,282.8792
2026-03-29,Hamburg,S2,S3,0.5131,0.2863,1,0.4804,Strong,Escrow,Stale,Stale,421.3218
2026-03-30,Hamburg,S1,S0,0.31,0.2607,1,0.3769,Strong,Escrow,Stale,Stale,232.5081
2026-03-30,Nhava Sheva,S2,S3,0.5495,0.2824,1,0.5372,Strong,Escrow,Stale,Stale,421.3218
2026-03-30,Rotterdam,S3,S3,0.6712,0.2607,1,0.7376,Strong,Escrow,CRDT,CRDT,763.4659
2026-03-31,Rotterdam,S4,S3,0.5275,0.241,1,0.5564,Strong,Escrow,Stale,Stale,282.8792
2026-03-31,Nhava Sheva,S1,S3,0.4465,0.2643,1,0.4122,Strong,Escrow,Stale,Stale,232.5081
2026-04-01,Nhava Sheva,S3,S3,0.7283,0.2901,1,0.7832,Strong,Escrow,CRDT,CRDT,763.4659
2026-04-01,Rotterdam,S3,S3,0.6436,0.271,1,0.6855,Strong,Escrow,CRDT,CRDT,763.4659
2026-04-02,Shanghai,S0,S0,0.3264,0.2816,1,0.4335,Strong,Escrow,Stale,Stale,123.1027
2026-04-02,Rotterdam,S3,S3,0.6719,0.2783,1,0.717,Strong,Escrow,CRDT,CRDT,763.4659
2026-04-02,Nhava Sheva,S3,S3,0.7087,0.314,1,0.726,Strong,Escrow,CRDT,CRDT,763.4659
2026-04-02,Hamburg,S2,S3,0.5025,0.3131,1,0.4325,Strong,Escrow,Stale,Stale,421.3218
2026-04-03,Nhava Sheva,S3,S3,0.7836,0.2835,1,0.8703,Strong,Escrow,CRDT,CRDT,763.4659
2026-04-03,Rotterdam,S3,S3,0.5529,0.2517,1,0.5796,Strong,Escrow,CRDT,CRDT,763.4659
2026-04-03,Shanghai,S2,S0,0.3254,0.2026,1,0.3205,Strong,Escrow,Stale,Stale,421.3218
2026-04-04,Rotterdam,S3,S3,0.5519,0.2356,1,0.5979,Strong,Escrow,CRDT,CRDT,763.4659
2026-04-04,Nhava Sheva,S4,S0,0.346,0.265,1,0.3447,Strong,Escrow,Stale,Stale,282.8792
2026-04-05,Hamburg,S3,S4,0.3129,0.2685,1,0.7838,Strong,Escrow,CRDT,CRDT,763.4659
2026-04-05,Nhava Sheva,S0,S0,0.3435,0.288,1,0.39,Strong,Escrow,Stale,Stale,123.1027
2026-04-05,Rotterdam,S3,S3,0.6985,0.2565,1,0.7818,Strong,Escrow,CRDT,CRDT,763.4659
2026-04-06,Nhava Sheva,S3,S3,0.6424,0.288,1,0.663,Strong,Escrow,CRDT,CRDT,763.4659
2026-04-07,Rotterdam,S3,S3,0.7715,0.2789,1,0.8586,Strong,Escrow,CRDT,CRDT,763.4659
2026-04-07,Nhava Sheva,S4,S3,0.4809,0.2837,1,0.4376,Strong,Escrow,Stale,Stale,282.8792
2026-04-07,Hamburg,S4,S0,0.3349,0.2518,1,0.3768,Strong,Escrow,Stale,Stale,282.8792
2026-04-08,Hamburg,S3,S3,0.637,0.2398,1,0.7143,Strong,Escrow,CRDT,CRDT,763.4659
2026-04-08,Nhava Sheva,S0,S0,0.3475,0.2651,1,0.3783,Strong,Escrow,Stale,Stale,123.1027
2026-04-08,Rotterdam,S4,S3,0.6789,0.2521,1,0.7591,Strong,Escrow,Stale,Stale,282.8792
2026-04-09,Rotterdam,S2,S3,0.6522,0.2694,1,0.6998,Strong,Escrow,Stale,Stale,421.3218
2026-04-09,Nhava Sheva,S3,S4,0.3329,0.2741,1,0.7622,Strong,Escrow,CRDT,CRDT,763.4659
2026-04-10,Hamburg,S2,S3,0.4388,0.2412,1,0.4295,Strong,Escrow,Stale,Stale,421.3218
2026-04-10,Nhava Sheva,S4,S0,0.3299,0.2753,1,0.3913,Strong,Escrow,Stale,Stale,282.8792
2026-04-10,Rotterdam,S3,S3,0.6723,0.2773,1,0.7188,Strong,Escrow,CRDT,CRDT,763.4659
2026-04-11,Shanghai,S3,S3,0.3469,0.2368,1,0.3036,Strong,Escrow,CRDT,CRDT,763.4659
2026-04-11,Rotterdam,S3,S3,0.6432,0.2511,1,0.7094,Strong,Escrow,CRDT,CRDT,763.4659
2026-04-11,Hamburg,S2,S3,0.4948,0.2793,1,0.4628,Strong,Escrow,Stale,Stale,421.3218
2026-04-11,Nhava Sheva,S2,S3,0.6138,0.289,1,0.6209,Strong,Escrow,Stale,Stale,421.3218
2026-04-12,Rotterdam,S3,S3,0.6775,0.2659,1,0.7403,Strong,Escrow,CRDT,CRDT,763.4659
2026-04-12,Hamburg,S3,S3,0.6251,0.2832,1,0.6442,Strong,Escrow,CRDT,CRDT,763.4659
2026-04-12,Nhava Sheva,S0,S0,0.3946,0.3026,1,0.3406,Strong,Escrow,Stale,Stale,123.1027
2026-04-13,Nhava Sheva,S3,S3,0.6576,0.2969,1,0.6738,Strong,Escrow,CRDT,CRDT,763.4659
2026-04-13,Rotterdam,S3,S3,0.6946,0.2777,1,0.7501,Strong,Escrow,CRDT,CRDT,763.4659
2026-04-14,Rotterdam,S3,S3,0.6571,0.2824,1,0.691,Strong,Escrow,CRDT,CRDT,763.4659
2026-04-14,Nhava Sheva,S4,S3,0.6403,0.2891,1,0.6587,Strong,Escrow,Stale,Stale,282.8792
2026-04-15,Nhava Sheva,S1,S3,0.52,0.2684,1,0.5122,Strong,Escrow,Stale,Stale,232.5081
2026-04-15,Rotterdam,S3,S4,0.4488,0.2542,1,0.4688,Strong,Escrow,CRDT,CRDT,763.4659
2026-04-16,Rotterdam,S3,S3,0.6307,0.2371,1,0.7087,Strong,Escrow,CRDT,CRDT,763.4659
2026-04-16,Nhava Sheva,S3,S3,0.5997,0.2558,1,0.6415,Strong,Escrow,CRDT,CRDT,763.4659
2026-04-16,Hamburg,S2,S3,0.3509,0.2345,1,0.3121,Strong,Escrow,Stale,Stale,421.3218
2026-04-17,Rotterdam,S4,S3,0.4306,0.2577,1,0.3975,Strong,Escrow,Stale,Stale,282.8792
2026-04-17,Nhava Sheva,S4,S0,0.315,0.2641,1,0.4148,Strong,Escrow,Stale,Stale,282.8792
2026-04-18,Hamburg,S3,S3,0.4743,0.2341,1,0.4889,Strong,Escrow,CRDT,CRDT,763.4659
2026-04-18,Rotterdam,S3,S3,0.6462,0.2392,1,0.7282,Strong,Escrow,CRDT,CRDT,763.4659
2026-04-18,Shanghai,S3,S4,0.3563,0.1443,1,0.5679,Strong,Escrow,CRDT,CRDT,763.4659
2026-04-19,Rotterdam,S3,S3,0.7224,0.3232,1,0.7343,Strong,Escrow,CRDT,CRDT,763.4659
2026-04-19,Nhava Sheva,S3,S3,0.7435,0.3462,1,0.7362,Strong,Escrow,CRDT,CRDT,763.4659
2026-04-19,Shanghai,S4,S3,0.4779,0.3347,1,0.3708,Strong,Escrow,Stale,Stale,282.8792
2026-04-20,Hamburg,S3,S4,0.4188,0.278,1,0.5119,Strong,Escrow,CRDT,CRDT,763.4659
2026-04-20,Nhava Sheva,S4,S3,0.6817,0.303,1,0.7008,Strong,Escrow,Stale,Stale,282.8792
2026-04-20,Rotterdam,S3,S3,0.6126,0.279,1,0.6316,Strong,Escrow,CRDT,CRDT,763.4659
2026-04-20,Shanghai,S0,S3,0.4301,0.2348,1,0.4248,Strong,Escrow,Stale,Stale,123.1027
2026-04-21,Shanghai,S3,S3,0.3212,0.1851,1,0.3301,Strong,Escrow,CRDT,CRDT,763.4659
2026-04-21,Rotterdam,S3,S3,0.693,0.2857,1,0.7381,Strong,Escrow,CRDT,CRDT,763.4659
2026-04-21,Nhava Sheva,S3,S3,0.6352,0.2971,1,0.6415,Strong,Escrow,CRDT,CRDT,763.4659
2026-04-22,Shanghai,S4,S0,0.3577,0.2576,1,0.3561,Strong,Escrow,Stale,Stale,282.8792
2026-04-22,Rotterdam,S4,S3,0.7322,0.3178,1,0.7549,Strong,Escrow,Stale,Stale,282.8792
2026-04-22,Hamburg,S0,S0,0.3146,0.282,1,0.406,Strong,Escrow,Stale,Stale,123.1027
2026-04-22,Nhava Sheva,S4,S3,0.7235,0.3234,1,0.7355,Strong,Escrow,Stale,Stale,282.8792
2026-04-23,Nhava Sheva,S2,S3,0.6596,0.2892,1,0.6861,Strong,Escrow,Stale,Stale,421.3218
2026-04-23,Rotterdam,S3,S3,0.6302,0.2757,1,0.6607,Strong,Escrow,CRDT,CRDT,763.4659
2026-04-23,Shanghai,S3,S4,0.4021,0.1881,1,0.5571,Strong,Escrow,CRDT,CRDT,763.4659
2026-04-24,Rotterdam,S3,S3,0.6822,0.2808,1,0.7288,Strong,Escrow,CRDT,CRDT,763.4659
2026-04-24,Shanghai,S4,S3,0.4516,0.275,1,0.4064,Strong,Escrow,Stale,Stale,282.8792
2026-04-24,Nhava Sheva,S2,S3,0.7039,0.3317,1,0.6974,Strong,Escrow,Stale,Stale,421.3218
2026-04-24,Antwerp,S3,S0,0.3125,0.2286,1,0.3461,Strong,Escrow,CRDT,CRDT,763.4659
2026-04-24,Hamburg,S0,S0,0.3164,0.3163,1,0.4538,Strong,Escrow,Stale,Stale,123.1027
2026-04-25,Hamburg,S0,S0,0.3852,0.3151,1,0.3525,Strong,Escrow,Stale,Stale,123.1027
2026-04-25,Nhava Sheva,S3,S3,0.754,0.3198,1,0.7834,Strong,Escrow,CRDT,CRDT,763.4659
2026-04-25,Rotterdam,S3,S4,0.467,0.2809,1,0.5776,Strong,Escrow,CRDT,CRDT,763.4659
2026-04-25,Shanghai,S0,S0,0.3437,0.2203,1,0.3335,Strong,Escrow,Stale,Stale,123.1027
2026-04-26,Shanghai,S0,S0,0.3251,0.2409,1,0.3815,Strong,Escrow,Stale,Stale,123.1027
2026-04-26,Rotterdam,S3,S3,0.7176,0.2843,1,0.775,Strong,Escrow,CRDT,CRDT,763.4659
2026-04-26,Nhava Sheva,S4,S3,0.4943,0.303,1,0.433,Strong,Escrow,Stale,Stale,282.8792
2026-04-26,Hamburg,S1,S0,0.3861,0.2913,1,0.3115,Strong,Escrow,Stale,Stale,232.5081
2026-04-27,Shanghai,S3,S4,0.357,0.1779,1,0.6085,Strong,Escrow,CRDT,CRDT,763.4659
2026-04-27,Rotterdam,S3,S3,0.659,0.2554,1,0.7267,Strong,Escrow,CRDT,CRDT,763.4659
2026-04-27,Nhava Sheva,S3,S4,0.5107,0.2768,1,0.5108,Strong,Escrow,CRDT,CRDT,763.4659
2026-04-28,Hamburg,S3,S4,0.4889,0.2869,1,0.4931,Strong,Escrow,CRDT,CRDT,763.4659
2026-04-28,Nhava Sheva,S4,S3,0.5163,0.3111,1,0.4546,Strong,Escrow,Stale,Stale,282.8792
2026-04-28,Rotterdam,S4,S3,0.6881,0.2994,1,0.7143,Strong,Escrow,Stale,Stale,282.8792
2026-04-28,Shanghai,S4,S0,0.3066,0.2533,1,0.4127,Strong,Escrow,Stale,Stale,282.8792
2026-04-29,Rotterdam,S2,S3,0.7264,0.2981,1,0.7707,Strong,Escrow,Stale,Stale,421.3218
2026-04-29,Hamburg,S4,S3,0.3986,0.2611,1,0.3476,Strong,Escrow,Stale,Stale,282.8792
2026-04-29,Nhava Sheva,S0,S3,0.5208,0.302,1,0.4722,Strong,Escrow,Stale,Stale,123.1027
2026-04-30,Antwerp,S3,S4,0.3095,0.1505,1,0.6435,Strong,Escrow,CRDT,CRDT,763.4659
2026-04-30,Nhava Sheva,S0,S0,0.3863,0.2762,1,0.3512,Strong,Escrow,Stale,Stale,123.1027
2026-04-30,Rotterdam,S3,S3,0.7325,0.2637,1,0.8214,Strong,Escrow,CRDT,CRDT,763.4659
2026-05-01,Shanghai,S2,S0,0.3633,0.2534,1,0.3258,Strong,Escrow,Stale,Stale,421.3218
2026-05-01,Rotterdam,S3,S3,0.7195,0.3125,1,0.7432,Strong,Escrow,CRDT,CRDT,763.4659
2026-05-01,Nhava Sheva,S0,S3,0.4708,0.3519,1,0.3395,Strong,Escrow,Stale,Stale,123.1027
2026-05-01,Hamburg,S0,S0,0.4086,0.3575,1,0.3709,Strong,Escrow,Stale,Stale,123.1027
2026-05-02,Rotterdam,S3,S3,0.5676,0.2725,1,0.5751,Strong,Escrow,CRDT,CRDT,763.4659
2026-05-02,Nhava Sheva,S3,S3,0.5777,0.3065,1,0.548,Strong,Escrow,CRDT,CRDT,763.4659
2026-05-02,Hamburg,S3,S4,0.4189,0.3039,1,0.6757,Strong,Escrow,CRDT,CRDT,763.4659
2026-05-03,Antwerp,S1,S0,0.3238,0.2937,1,0.4376,Strong,Escrow,Stale,Stale,232.5081
2026-05-03,Hamburg,S4,S3,0.525,0.324,1,0.4512,Strong,Escrow,Stale,Stale,282.8792
2026-05-03,Nhava Sheva,S4,S3,0.5035,0.3519,1,0.3863,Strong,Escrow,Stale,Stale,282.8792
2026-05-03,Rotterdam,S3,S3,0.7988,0.3546,1,0.8049,Strong,Escrow,CRDT,CRDT,763.4659
2026-05-03,Shanghai,S0,S0,0.33,0.2481,1,0.3796,Strong,Escrow,Stale,Stale,123.1027
2026-05-04,Rotterdam,S4,S3,0.6913,0.298,1,0.7206,Strong,Escrow,Stale,Stale,282.8792
2026-05-04,Hamburg,S0,S0,0.3326,0.2836,1,0.3858,Strong,Escrow,Stale,Stale,123.1027
2026-05-04,Nhava Sheva,S3,S4,0.5114,0.3065,1,0.5467,Strong,Escrow,CRDT,CRDT,763.4659
2026-05-05,Busan,S3,S4,0.3772,0.1739,1,0.5744,Strong,Escrow,CRDT,CRDT,763.4659
2026-05-05,Hamburg,S2,S3,0.4153,0.2722,1,0.358,Strong,Escrow,Stale,Stale,421.3218
2026-05-05,Nhava Sheva,S4,S0,0.3512,0.2949,1,0.4105,Strong,Escrow,Stale,Stale,282.8792
2026-05-05,Rotterdam,S3,S4,0.3873,0.2947,1,0.7095,Strong,Escrow,CRDT,CRDT,763.4659
2026-05-06,Rotterdam,S3,S3,0.6588,0.3036,1,0.6674,Strong,Escrow,CRDT,CRDT,763.4659
2026-05-06,Nhava Sheva,S0,S0,0.4095,0.3376,1,0.386,Strong,Escrow,Stale,Stale,123.1027
2026-05-06,Shanghai,S3,S3,0.4393,0.2723,1,0.3921,Strong,Escrow,CRDT,CRDT,763.4659
2026-05-06,Antwerp,S1,S0,0.3516,0.27,1,0.3908,Strong,Escrow,Stale,Stale,232.5081
2026-05-06,Hamburg,S3,S4,0.5106,0.3376,1,0.5222,Strong,Escrow,CRDT,CRDT,763.4659
2026-05-07,Rotterdam,S3,S3,0.7856,0.3312,1,0.8147,Strong,Escrow,CRDT,CRDT,763.4659
2026-05-07,Nhava Sheva,S0,S3,0.5039,0.3524,1,0.3864,Strong,Escrow,Stale,Stale,123.1027
2026-05-07,Shanghai,S4,S3,0.4569,0.246,1,0.4494,Strong,Escrow,Stale,Stale,282.8792
2026-05-07,Antwerp,S0,S0,0.3225,0.2816,1,0.4395,Strong,Escrow,Stale,Stale,123.1027
2026-05-07,Hamburg,S4,S0,0.3646,0.3186,1,0.3692,Strong,Escrow,Stale,Stale,282.8792
2026-05-08,Hamburg,S0,S0,0.3294,0.2803,1,0.3881,Strong,Escrow,Stale,Stale,123.1027
2026-05-08,Nhava Sheva,S3,S3,0.6353,0.3068,1,0.63,Strong,Escrow,CRDT,CRDT,763.4659
2026-05-08,Rotterdam,S3,S3,0.7384,0.2838,1,0.8052,Strong,Escrow,CRDT,CRDT,763.4659
